event_id,event_day,hazard_type,aoi_wkt,license_tag,source,region_name,severity_hint,quality_score,cloud_free_ratio,source_url,source_event_type,fatalities_best
gdacs_EQ1523647,2026-02-09,earthquake,"POLYGON((155.680200 47.367200, 163.680200 47.367200, 163.680200 55.367200, 155.680200 55.367200, 155.680200 47.367200))",open-government-license,gdacs_rss,Russia,0.42,0.875,0.8732,https://www.gdacs.org/report.aspx?eventtype=EQ&eventid=1523647,EQ,
gdacs_EQ1523650,2026-02-09,earthquake,"POLYGON((159.438900 51.413500, 167.438900 51.413500, 167.438900 59.413500, 159.438900 59.413500, 159.438900 51.413500))",open-government-license,gdacs_rss,Russia,0.42,0.8416,0.8077,https://www.gdacs.org/report.aspx?eventtype=EQ&eventid=1523650,EQ,
gdacs_EQ1523658,2026-02-09,earthquake,"POLYGON((139.310600 8.974300, 147.310600 8.974300, 147.310600 16.974300, 139.310600 16.974300, 139.310600 8.974300))",open-government-license,gdacs_rss,South Of Mariana Islands,0.42,0.9349,0.6974,https://www.gdacs.org/report.aspx?eventtype=EQ&eventid=1523658,EQ,
gdacs_EQ1523668,2026-02-09,earthquake,"POLYGON((122.798800 -1.683800, 130.798800 -1.683800, 130.798800 6.316200, 122.798800 6.316200, 122.798800 -1.683800))",open-government-license,gdacs_rss,Indonesia,0.42,0.8519,0.7973,https://www.gdacs.org/report.aspx?eventtype=EQ&eventid=1523668,EQ,
gdacs_EQ1523700,2026-02-09,earthquake,"POLYGON((-68.474100 15.042600, -60.474100 15.042600, -60.474100 23.042600, -68.474100 23.042600, -68.474100 15.042600))",open-government-license,gdacs_rss,British Virgin Is.,0.42,0.906,0.7294,https://www.gdacs.org/report.aspx?eventtype=EQ&eventid=1523700,EQ,
gdacs_EQ1523730,2026-02-09,earthquake,"POLYGON((59.401700 -0.219200, 67.401700 -0.219200, 67.401700 7.780800, 59.401700 7.780800, 59.401700 -0.219200))",open-government-license,gdacs_rss,Carlsberg Ridge,0.42,0.8576,0.8863,https://www.gdacs.org/report.aspx?eventtype=EQ&eventid=1523730,EQ,
gdacs_EQ1523734,2026-02-09,earthquake,"POLYGON((149.519200 45.021100, 157.519200 45.021100, 157.519200 53.021100, 149.519200 53.021100, 149.519200 45.021100))",open-government-license,gdacs_rss,Russia,0.42,0.8019,0.924,https://www.gdacs.org/report.aspx?eventtype=EQ&eventid=1523734,EQ,
gdacs_EQ1523416,2026-02-08,earthquake,"POLYGON((138.717200 49.330300, 146.717200 49.330300, 146.717200 57.330300, 138.717200 57.330300, 138.717200 49.330300))",open-government-license,gdacs_rss,Russian Federation,0.42,0.9027,0.8747,https://www.gdacs.org/report.aspx?eventtype=EQ&eventid=1523416,EQ,
gdacs_EQ1523435,2026-02-08,earthquake,"POLYGON((137.841000 32.375900, 145.841000 32.375900, 145.841000 40.375900, 137.841000 40.375900, 137.841000 32.375900))",open-government-license,gdacs_rss,Japan,0.42,0.8889,0.7903,https://www.gdacs.org/report.aspx?eventtype=EQ&eventid=1523435,EQ,
gdacs_EQ1523437,2026-02-08,earthquake,"POLYGON((149.697400 -9.929400, 157.697400 -9.929400, 157.697400 -1.929400, 149.697400 -1.929400, 149.697400 -9.929400))",open-government-license,gdacs_rss,Papua New Guinea,0.42,0.8762,0.7784,https://www.gdacs.org/report.aspx?eventtype=EQ&eventid=1523437,EQ,
gdacs_EQ1523438,2026-02-08,earthquake,"POLYGON((38.944700 -20.345400, 46.944700 -20.345400, 46.944700 -12.345400, 38.944700 -12.345400, 38.944700 -20.345400))",open-government-license,gdacs_rss,Mozambique Channel,0.42,0.8382,0.7483,https://www.gdacs.org/report.aspx?eventtype=EQ&eventid=1523438,EQ,
gdacs_EQ1523459,2026-02-08,earthquake,"POLYGON((-179.877400 -25.034000, -171.877400 -25.034000, -171.877400 -17.034000, -179.877400 -17.034000, -179.877400 -25.034000))",open-government-license,gdacs_rss,Tonga,0.42,0.88,0.7984,https://www.gdacs.org/report.aspx?eventtype=EQ&eventid=1523459,EQ,
gdacs_EQ1523463,2026-02-08,earthquake,"POLYGON((98.078700 25.485400, 106.078700 25.485400, 106.078700 33.485400, 98.078700 33.485400, 98.078700 25.485400))",open-government-license,gdacs_rss,China,0.42,0.8465,0.7417,https://www.gdacs.org/report.aspx?eventtype=EQ&eventid=1523463,EQ,
gdacs_EQ1523484,2026-02-08,earthquake,"POLYGON((125.793200 -11.088200, 133.793200 -11.088200, 133.793200 -3.088200, 125.793200 -3.088200, 125.793200 -11.088200))",open-government-license,gdacs_rss,Indonesia,0.42,0.9414,0.8968,https://www.gdacs.org/report.aspx?eventtype=EQ&eventid=1523484,EQ,
gdacs_EQ1523489,2026-02-08,earthquake,"POLYGON((-78.371000 15.889900, -70.371000 15.889900, -70.371000 23.889900, -78.371000 23.889900, -78.371000 15.889900))",open-government-license,gdacs_rss,Cuba,0.42,0.9073,0.7339,https://www.gdacs.org/report.aspx?eventtype=EQ&eventid=1523489,EQ,
gdacs_EQ1523526,2026-02-08,earthquake,"POLYGON((144.306600 -10.044700, 152.306600 -10.044700, 152.306600 -2.044700, 144.306600 -2.044700, 144.306600 -10.044700))",open-government-license,gdacs_rss,Papua New Guinea,0.42,0.9122,0.6699,https://www.gdacs.org/report.aspx?eventtype=EQ&eventid=1523526,EQ,
gdacs_EQ1523532,2026-02-08,earthquake,"POLYGON((-85.474600 2.678800, -77.474600 2.678800, -77.474600 10.678800, -85.474600 10.678800, -85.474600 2.678800))",open-government-license,gdacs_rss,Panama,0.42,0.8117,0.7997,https://www.gdacs.org/report.aspx?eventtype=EQ&eventid=1523532,EQ,
gdacs_EQ1523535,2026-02-08,earthquake,"POLYGON((-72.964200 -24.099900, -64.964200 -24.099900, -64.964200 -16.099900, -72.964200 -16.099900, -72.964200 -24.099900))",open-government-license,gdacs_rss,Chile,0.42,0.858,0.6749,https://www.gdacs.org/report.aspx?eventtype=EQ&eventid=1523535,EQ,
gdacs_EQ1523541,2026-02-08,earthquake,"POLYGON((142.697500 39.641200, 150.697500 39.641200, 150.697500 47.641200, 142.697500 47.641200, 142.697500 39.641200))",open-government-license,gdacs_rss,Russian Federation,0.42,0.8829,0.6527,https://www.gdacs.org/report.aspx?eventtype=EQ&eventid=1523541,EQ,
gdacs_EQ1523568,2026-02-08,earthquake,"POLYGON((-157.397000 52.017000, -149.397000 52.017000, -149.397000 60.017000, -157.397000 60.017000, -157.397000 52.017000))",open-government-license,gdacs_rss,United States,0.42,0.8569,0.7695,https://www.gdacs.org/report.aspx?eventtype=EQ&eventid=1523568,EQ,
gdacs_EQ1523581,2026-02-08,earthquake,"POLYGON((-100.694700 12.162700, -92.694700 12.162700, -92.694700 20.162700, -100.694700 20.162700, -100.694700 12.162700))",open-government-license,gdacs_rss,Mexico,0.42,0.8096,0.8913,https://www.gdacs.org/report.aspx?eventtype=EQ&eventid=1523581,EQ,
gdacs_EQ1523584,2026-02-08,earthquake,"POLYGON((138.430200 38.448500, 146.430200 38.448500, 146.430200 46.448500, 138.430200 46.448500, 138.430200 38.448500))",open-government-license,gdacs_rss,Japan,0.42,0.9554,0.7148,https://www.gdacs.org/report.aspx?eventtype=EQ&eventid=1523584,EQ,
gdacs_EQ1523333,2026-02-07,earthquake,"POLYGON((-88.293300 -1.286500, -80.293300 -1.286500, -80.293300 6.713500, -88.293300 6.713500, -88.293300 -1.286500))",open-government-license,gdacs_rss,Off Coast Of Central America,0.42,0.8212,0.7173,https://www.gdacs.org/report.aspx?eventtype=EQ&eventid=1523333,EQ,
gdacs_EQ1523336,2026-02-07,earthquake,"POLYGON((-88.307800 -1.196400, -80.307800 -1.196400, -80.307800 6.803600, -88.307800 6.803600, -88.307800 -1.196400))",open-government-license,gdacs_rss,Off Coast Of Central America,0.42,0.9651,0.7799,https://www.gdacs.org/report.aspx?eventtype=EQ&eventid=1523336,EQ,
gdacs_EQ1523338,2026-02-07,earthquake,"POLYGON((84.114300 23.376300, 92.114300 23.376300, 92.114300 31.376300, 84.114300 31.376300, 84.114300 23.376300))",open-government-license,gdacs_rss,India,0.42,0.8835,0.8341,https://www.gdacs.org/report.aspx?eventtype=EQ&eventid=1523338,EQ,
gdacs_EQ1523393,2026-02-07,earthquake,"POLYGON((157.157900 49.111800, 165.157900 49.111800, 165.157900 57.111800, 157.157900 57.111800, 157.157900 49.111800))",open-government-license,gdacs_rss,Russia,0.42,0.8185,0.9194,https://www.gdacs.org/report.aspx?eventtype=EQ&eventid=1523393,EQ,
gdacs_EQ1523395,2026-02-07,earthquake,"POLYGON((36.629300 -21.020500, 44.629300 -21.020500, 44.629300 -13.020500, 36.629300 -13.020500, 36.629300 -21.020500))",open-government-license,gdacs_rss,Mozambique,0.42,0.8945,0.7987,https://www.gdacs.org/report.aspx?eventtype=EQ&eventid=1523395,EQ,
gdacs_EQ1523399,2026-02-07,earthquake,"POLYGON((19.259400 31.351600, 27.259400 31.351600, 27.259400 39.351600, 19.259400 39.351600, 19.259400 31.351600))",open-government-license,gdacs_rss,Greece,0.42,0.9164,0.7673,https://www.gdacs.org/report.aspx?eventtype=EQ&eventid=1523399,EQ,
gdacs_EQ1523408,2026-02-07,earthquake,"POLYGON((122.639900 -3.382700, 130.639900 -3.382700, 130.639900 4.617300, 122.639900 4.617300, 122.639900 -3.382700))",open-government-license,gdacs_rss,Indonesia,0.42,0.8789,0.6728,https://www.gdacs.org/report.aspx?eventtype=EQ&eventid=1523408,EQ,
gdacs_WF1027359,2026-02-07,wildfire,"POLYGON((20.085297 3.375287, 28.085297 3.375287, 28.085297 11.375287, 20.085297 11.375287, 20.085297 3.375287))",open-government-license,gdacs_rss,Central African Republic,0.42,0.8789,0.9021,https://www.gdacs.org/report.aspx?eventtype=WF&eventid=1027359,WF,
gdacs_TC1001256,2026-02-06,hurricane,"POLYGON((31.191679 -33.535288, 57.191679 -33.535288, 57.191679 -7.535288, 31.191679 -7.535288, 31.191679 -33.535288))",open-government-license,gdacs_rss,Red notification for tropical cyclone GEZANI-26. Population affected by Category,0.9,0.9073,0.7697,https://www.gdacs.org/report.aspx?eventtype=TC&eventid=1001256,TC,
gdacs_TC1001257,2026-02-06,hurricane,"POLYGON((103.180691 -34.616692, 129.180691 -34.616692, 129.180691 -8.616692, 103.180691 -8.616692, 103.180691 -34.616692))",open-government-license,gdacs_rss,Green notification for tropical cyclone MITCHELL-26. Population affected by Cate,0.42,0.9198,0.7119,https://www.gdacs.org/report.aspx?eventtype=TC&eventid=1001257,TC,
gdacs_WF1027362,2026-02-06,wildfire,"POLYGON((-14.135416 5.445374, -6.135416 5.445374, -6.135416 13.445374, -14.135416 13.445374, -14.135416 5.445374))",open-government-license,gdacs_rss,Guinea,0.42,0.8079,0.8593,https://www.gdacs.org/report.aspx?eventtype=WF&eventid=1027362,WF,
gdacs_WF1027357,2026-02-05,wildfire,"POLYGON((27.964933 5.038785, 35.964933 5.038785, 35.964933 13.038785, 27.964933 13.038785, 27.964933 5.038785))",open-government-license,gdacs_rss,Sudan,0.42,0.8047,0.8488,https://www.gdacs.org/report.aspx?eventtype=WF&eventid=1027357,WF,
gdacs_WF1027360,2026-02-05,wildfire,"POLYGON((15.550064 4.471958, 23.550064 4.471958, 23.550064 12.471958, 15.550064 12.471958, 15.550064 4.471958))",open-government-license,gdacs_rss,Central African Republic,0.42,0.8122,0.7055,https://www.gdacs.org/report.aspx?eventtype=WF&eventid=1027360,WF,
gdacs_FL1103752,2026-02-04,flood,"POLYGON((-2.476478 32.277091, 5.523522 32.277091, 5.523522 40.277091, -2.476478 40.277091, -2.476478 32.277091))",open-government-license,gdacs_rss,Algeria,0.42,0.9105,0.6603,https://www.gdacs.org/report.aspx?eventtype=FL&eventid=1103752,FL,
gdacs_TC1001255,2026-02-04,hurricane,"POLYGON((114.335922 -4.463752, 140.335922 -4.463752, 140.335922 21.536248, 114.335922 21.536248, 114.335922 -4.463752))",open-government-license,gdacs_rss,Tropical Storm).,0.42,0.8156,0.9097,https://www.gdacs.org/report.aspx?eventtype=TC&eventid=1001255,TC,
gdacs_WF1027352,2026-02-04,wildfire,"POLYGON((20.179118 6.560694, 28.179118 6.560694, 28.179118 14.560694, 20.179118 14.560694, 20.179118 6.560694))",open-government-license,gdacs_rss,Sudan,0.42,0.9529,0.8184,https://www.gdacs.org/report.aspx?eventtype=WF&eventid=1027352,WF,
gdacs_WF1027353,2026-02-04,wildfire,"POLYGON((18.026867 3.860188, 26.026867 3.860188, 26.026867 11.860188, 18.026867 11.860188, 18.026867 3.860188))",open-government-license,gdacs_rss,Central African Republic,0.42,0.8919,0.6779,https://www.gdacs.org/report.aspx?eventtype=WF&eventid=1027353,WF,
gdacs_WF1027358,2026-02-04,wildfire,"POLYGON((-98.414340 12.401338, -90.414340 12.401338, -90.414340 20.401338, -98.414340 20.401338, -98.414340 12.401338))",open-government-license,gdacs_rss,Mexico,0.42,0.8219,0.9478,https://www.gdacs.org/report.aspx?eventtype=WF&eventid=1027358,WF,
gdacs_WF1027363,2026-02-04,wildfire,"POLYGON((-4.545978 5.257358, 3.454022 5.257358, 3.454022 13.257358, -4.545978 13.257358, -4.545978 5.257358))",open-government-license,gdacs_rss,Ghana,0.42,0.8755,0.8519,https://www.gdacs.org/report.aspx?eventtype=WF&eventid=1027363,WF,
gdacs_FL1103751,2026-02-03,flood,"POLYGON((-79.952043 -13.522055, -71.952043 -13.522055, -71.952043 -5.522055, -79.952043 -5.522055, -79.952043 -13.522055))",open-government-license,gdacs_rss,Peru,0.42,0.8017,0.8497,https://www.gdacs.org/report.aspx?eventtype=FL&eventid=1103751,FL,
gdacs_FL1103753,2026-02-03,flood,"POLYGON((-12.092609 36.739032, -4.092609 36.739032, -4.092609 44.739032, -12.092609 44.739032, -12.092609 36.739032))",open-government-license,gdacs_rss,Portugal,0.42,0.8276,0.9303,https://www.gdacs.org/report.aspx?eventtype=FL&eventid=1103753,FL,
gdacs_WF1027333,2026-02-03,wildfire,"POLYGON((17.900852 4.147393, 25.900852 4.147393, 25.900852 12.147393, 17.900852 12.147393, 17.900852 4.147393))",open-government-license,gdacs_rss,Central African Republic,0.42,0.8064,0.6849,https://www.gdacs.org/report.aspx?eventtype=WF&eventid=1027333,WF,
gdacs_WF1027339,2026-02-03,wildfire,"POLYGON((17.954285 4.500446, 25.954285 4.500446, 25.954285 12.500446, 17.954285 12.500446, 17.954285 4.500446))",open-government-license,gdacs_rss,Central African Republic,0.42,0.8695,0.7812,https://www.gdacs.org/report.aspx?eventtype=WF&eventid=1027339,WF,
gdacs_WF1027344,2026-02-03,wildfire,"POLYGON((20.070392 6.192880, 28.070392 6.192880, 28.070392 14.192880, 20.070392 14.192880, 20.070392 6.192880))",open-government-license,gdacs_rss,Sudan,0.42,0.918,0.8925,https://www.gdacs.org/report.aspx?eventtype=WF&eventid=1027344,WF,
gdacs_WF1027345,2026-02-03,wildfire,"POLYGON((17.167511 4.348884, 25.167511 4.348884, 25.167511 12.348884, 17.167511 12.348884, 17.167511 4.348884))",open-government-license,gdacs_rss,Central African Republic,0.42,0.9245,0.7392,https://www.gdacs.org/report.aspx?eventtype=WF&eventid=1027345,WF,
gdacs_WF1027354,2026-02-03,wildfire,"POLYGON((15.521359 2.073360, 23.521359 2.073360, 23.521359 10.073360, 15.521359 10.073360, 15.521359 2.073360))",open-government-license,gdacs_rss,Central African Republic,0.42,0.8222,0.6728,https://www.gdacs.org/report.aspx?eventtype=WF&eventid=1027354,WF,
gdacs_WF1027364,2026-02-03,wildfire,"POLYGON((19.704835 4.038755, 27.704835 4.038755, 27.704835 12.038755, 19.704835 12.038755, 19.704835 4.038755))",open-government-license,gdacs_rss,Central African Republic,0.42,0.9087,0.9126,https://www.gdacs.org/report.aspx?eventtype=WF&eventid=1027364,WF,
gdacs_WF1027365,2026-02-03,wildfire,"POLYGON((26.321542 2.497338, 34.321542 2.497338, 34.321542 10.497338, 26.321542 10.497338, 26.321542 2.497338))",open-government-license,gdacs_rss,Sudan,0.42,0.8266,0.8354,https://www.gdacs.org/report.aspx?eventtype=WF&eventid=1027365,WF,
gdacs_WF1027311,2026-02-02,wildfire,"POLYGON((15.044615 9.017067, 23.044615 9.017067, 23.044615 17.017067, 15.044615 17.017067, 15.044615 9.017067))",open-government-license,gdacs_rss,Chad,0.42,0.8373,0.8159,https://www.gdacs.org/report.aspx?eventtype=WF&eventid=1027311,WF,
gdacs_WF1027315,2026-02-02,wildfire,"POLYGON((28.093317 1.383130, 36.093317 1.383130, 36.093317 9.383130, 28.093317 9.383130, 28.093317 1.383130))",open-government-license,gdacs_rss,Sudan,0.42,0.9127,0.7444,https://www.gdacs.org/report.aspx?eventtype=WF&eventid=1027315,WF,
gdacs_WF1027316,2026-02-02,wildfire,"POLYGON((27.839748 2.570948, 35.839748 2.570948, 35.839748 10.570948, 27.839748 10.570948, 27.839748 2.570948))",open-government-license,gdacs_rss,Sudan,0.42,0.8458,0.658,https://www.gdacs.org/report.aspx?eventtype=WF&eventid=1027316,WF,
gdacs_WF1027322,2026-02-02,wildfire,"POLYGON((21.112307 2.360624, 29.112307 2.360624, 29.112307 10.360624, 21.112307 10.360624, 21.112307 2.360624))",open-government-license,gdacs_rss,Central African Republic,0.42,0.9023,0.6618,https://www.gdacs.org/report.aspx?eventtype=WF&eventid=1027322,WF,
gdacs_WF1027324,2026-02-02,wildfire,"POLYGON((16.287669 11.345240, 24.287669 11.345240, 24.287669 19.345240, 16.287669 19.345240, 16.287669 11.345240))",open-government-license,gdacs_rss,Chad,0.42,0.9577,0.6916,https://www.gdacs.org/report.aspx?eventtype=WF&eventid=1027324,WF,
gdacs_WF1027342,2026-02-02,wildfire,"POLYGON((-1.208013 7.864342, 6.791987 7.864342, 6.791987 15.864342, -1.208013 15.864342, -1.208013 7.864342))",open-government-license,gdacs_rss,Benin,0.42,0.8207,0.8564,https://www.gdacs.org/report.aspx?eventtype=WF&eventid=1027342,WF,
gdacs_WF1027343,2026-02-02,wildfire,"POLYGON((17.683678 3.779053, 25.683678 3.779053, 25.683678 11.779053, 17.683678 11.779053, 17.683678 3.779053))",open-government-license,gdacs_rss,Central African Republic,0.42,0.9337,0.7105,https://www.gdacs.org/report.aspx?eventtype=WF&eventid=1027343,WF,
gdacs_WF1027346,2026-02-02,wildfire,"POLYGON((27.897296 5.076000, 35.897296 5.076000, 35.897296 13.076000, 27.897296 13.076000, 27.897296 5.076000))",open-government-license,gdacs_rss,Sudan,0.42,0.8501,0.9271,https://www.gdacs.org/report.aspx?eventtype=WF&eventid=1027346,WF,
gdacs_WF1027347,2026-02-02,wildfire,"POLYGON((22.663592 2.144183, 30.663592 2.144183, 30.663592 10.144183, 22.663592 10.144183, 22.663592 2.144183))",open-government-license,gdacs_rss,Sudan,0.42,0.9518,0.8681,https://www.gdacs.org/report.aspx?eventtype=WF&eventid=1027347,WF,
gdacs_WF1027356,2026-02-02,wildfire,"POLYGON((-0.152786 6.007305, 7.847214 6.007305, 7.847214 14.007305, -0.152786 14.007305, -0.152786 6.007305))",open-government-license,gdacs_rss,Nigeria,0.42,0.9567,0.8837,https://www.gdacs.org/report.aspx?eventtype=WF&eventid=1027356,WF,
gdacs_WF1027325,2026-02-01,wildfire,"POLYGON((18.618594 4.420625, 26.618594 4.420625, 26.618594 12.420625, 18.618594 12.420625, 18.618594 4.420625))",open-government-license,gdacs_rss,Central African Republic,0.42,0.8687,0.9357,https://www.gdacs.org/report.aspx?eventtype=WF&eventid=1027325,WF,
gdacs_WF1027328,2026-02-01,wildfire,"POLYGON((20.455595 3.257700, 28.455595 3.257700, 28.455595 11.257700, 20.455595 11.257700, 20.455595 3.257700))",open-government-license,gdacs_rss,Central African Republic,0.42,0.8381,0.8242,https://www.gdacs.org/report.aspx?eventtype=WF&eventid=1027328,WF,
gdacs_WF1027334,2026-02-01,wildfire,"POLYGON((134.187588 -39.634022, 142.187588 -39.634022, 142.187588 -31.634022, 134.187588 -31.634022, 134.187588 -39.634022))",open-government-license,gdacs_rss,Australia,0.42,0.9134,0.8425,https://www.gdacs.org/report.aspx?eventtype=WF&eventid=1027334,WF,
gdacs_WF1027350,2026-02-01,wildfire,"POLYGON((-13.982115 8.511545, -5.982115 8.511545, -5.982115 16.511545, -13.982115 16.511545, -13.982115 8.511545))",open-government-license,gdacs_rss,Mali,0.42,0.8066,0.8176,https://www.gdacs.org/report.aspx?eventtype=WF&eventid=1027350,WF,
gdacs_FL1103749,2026-01-31,flood,"POLYGON((119.376775 6.906182, 127.376775 6.906182, 127.376775 14.906182, 119.376775 14.906182, 119.376775 6.906182))",open-government-license,gdacs_rss,Philippines,0.42,0.889,0.7354,https://www.gdacs.org/report.aspx?eventtype=FL&eventid=1103749,FL,
gdacs_FL1103744,2026-01-29,flood,"POLYGON((33.163725 32.199240, 41.163725 32.199240, 41.163725 40.199240, 33.163725 40.199240, 33.163725 32.199240))",open-government-license,gdacs_rss,Syria,0.42,0.9029,0.8255,https://www.gdacs.org/report.aspx?eventtype=FL&eventid=1103744,FL,
gdacs_FL1103745,2026-01-29,flood,"POLYGON((-7.750000 46.750000, 0.250000 46.750000, 0.250000 54.750000, -7.750000 54.750000, -7.750000 46.750000))",open-government-license,gdacs_rss,United Kingdom,0.42,0.899,0.8064,https://www.gdacs.org/report.aspx?eventtype=FL&eventid=1103745,FL,
gdacs_FL1103748,2026-01-29,flood,"POLYGON((-128.995496 45.689406, -120.995496 45.689406, -120.995496 53.689406, -128.995496 53.689406, -128.995496 45.689406))",open-government-license,gdacs_rss,Canada,0.42,0.9054,0.6564,https://www.gdacs.org/report.aspx?eventtype=FL&eventid=1103748,FL,
gdacs_TC1001254,2026-01-29,hurricane,"POLYGON((36.033577 -32.260052, 62.033577 -32.260052, 62.033577 -6.260052, 36.033577 -6.260052, 36.033577 -32.260052))",open-government-license,gdacs_rss,Orange notification for tropical cyclone FYTIA-26. Population affected by Catego,0.42,0.9415,0.721,https://www.gdacs.org/report.aspx?eventtype=TC&eventid=1001254,TC,
gdacs_FL1103742,2026-01-28,flood,"POLYGON((126.641136 -17.586848, 134.641136 -17.586848, 134.641136 -9.586849, 126.641136 -9.586849, 126.641136 -17.586848))",open-government-license,gdacs_rss,Australia,0.42,0.9312,0.6565,https://www.gdacs.org/report.aspx?eventtype=FL&eventid=1103742,FL,
gdacs_FL1103747,2026-01-28,flood,"POLYGON((-9.898724 30.999218, -1.898724 30.999218, -1.898724 38.999218, -9.898724 38.999218, -9.898724 30.999218))",open-government-license,gdacs_rss,Morocco,0.42,0.946,0.7422,https://www.gdacs.org/report.aspx?eventtype=FL&eventid=1103747,FL,
gdacs_TC1001253,2026-01-28,hurricane,"POLYGON((159.805482 -36.308462, -174.194518 -36.308462, -174.194518 -10.308462, 159.805482 -10.308462, 159.805482 -36.308462))",open-government-license,gdacs_rss,Tropical Storm).,0.42,0.8517,0.7,https://www.gdacs.org/report.aspx?eventtype=TC&eventid=1001253,TC,
gdacs_FL1103750,2026-01-27,flood,"POLYGON((21.918450 -6.949377, 29.918450 -6.949377, 29.918450 1.050623, 21.918450 1.050623, 21.918450 -6.949377))",open-government-license,gdacs_rss,Democratic Republic of Congo,0.42,0.9107,0.6943,https://www.gdacs.org/report.aspx?eventtype=FL&eventid=1103750,FL,
gdacs_FL1103736,2026-01-26,flood,"POLYGON((-10.955399 48.540610, -2.955399 48.540610, -2.955399 56.540610, -10.955399 56.540610, -10.955399 48.540610))",open-government-license,gdacs_rss,Ireland,0.42,0.9089,0.7994,https://www.gdacs.org/report.aspx?eventtype=FL&eventid=1103736,FL,
gdacs_FL1103737,2026-01-26,flood,"POLYGON((-12.638291 38.564309, -4.638291 38.564309, -4.638291 46.564309, -12.638291 46.564309, -12.638291 38.564309))",open-government-license,gdacs_rss,Spain,0.42,0.8579,0.7704,https://www.gdacs.org/report.aspx?eventtype=FL&eventid=1103737,FL,
gdacs_FL1103738,2026-01-26,flood,"POLYGON((-96.972941 13.619730, -88.972941 13.619730, -88.972941 21.619730, -96.972941 21.619730, -96.972941 13.619730))",open-government-license,gdacs_rss,Mexico,0.42,0.9284,0.9115,https://www.gdacs.org/report.aspx?eventtype=FL&eventid=1103738,FL,
gdacs_FL1103739,2026-01-26,flood,"POLYGON((20.193860 42.692430, 28.193860 42.692430, 28.193860 50.692430, 20.193860 50.692430, 20.193860 42.692430))",open-government-license,gdacs_rss,Romania,0.42,0.8632,0.7398,https://www.gdacs.org/report.aspx?eventtype=FL&eventid=1103739,FL,
gdacs_FL1103741,2026-01-26,flood,"POLYGON((106.935784 -2.480422, 114.935784 -2.480422, 114.935784 5.519578, 106.935784 5.519578, 106.935784 -2.480422))",open-government-license,gdacs_rss,Malaysia,0.42,0.9068,0.9351,https://www.gdacs.org/report.aspx?eventtype=FL&eventid=1103741,FL,
gdacs_FL1103746,2026-01-26,flood,"POLYGON((19.316010 37.521730, 27.316010 37.521730, 27.316010 45.521730, 19.316010 45.521730, 19.316010 37.521730))",open-government-license,gdacs_rss,Bulgaria,0.42,0.8795,0.6885,https://www.gdacs.org/report.aspx?eventtype=FL&eventid=1103746,FL,
gdacs_FL1103730,2026-01-23,flood,"POLYGON((-72.330514 -38.612603, -64.330514 -38.612603, -64.330514 -30.612603, -72.330514 -30.612603, -72.330514 -38.612603))",open-government-license,gdacs_rss,Argentina,0.42,0.8544,0.8501,https://www.gdacs.org/report.aspx?eventtype=FL&eventid=1103730,FL,
gdacs_FL1103733,2026-01-23,flood,"POLYGON((-74.396154 -27.651904, -66.396154 -27.651904, -66.396154 -19.651904, -74.396154 -19.651904, -74.396154 -27.651904))",open-government-license,gdacs_rss,Chile,0.42,0.8623,0.7271,https://www.gdacs.org/report.aspx?eventtype=FL&eventid=1103733,FL,
gdacs_TC1001252,2026-01-23,hurricane,"POLYGON((107.826490 -28.228668, 133.826490 -28.228668, 133.826490 -2.228668, 107.826490 -2.228668, 107.826490 -28.228668))",open-government-license,gdacs_rss,Tropical Storm).,0.42,0.8179,0.844,https://www.gdacs.org/report.aspx?eventtype=TC&eventid=1001252,TC,
gdacs_FL1103731,2026-01-22,flood,"POLYGON((23.226557 33.712916, 31.226557 33.712916, 31.226557 41.712916, 23.226557 41.712916, 23.226557 33.712916))",open-government-license,gdacs_rss,Türkiye,0.42,0.8907,0.8268,https://www.gdacs.org/report.aspx?eventtype=FL&eventid=1103731,FL,
gdacs_FL1103732,2026-01-22,flood,"POLYGON((-78.407440 3.930578, -70.407440 3.930578, -70.407440 11.930578, -78.407440 11.930578, -78.407440 3.930578))",open-government-license,gdacs_rss,Colombia,0.42,0.9093,0.651,https://www.gdacs.org/report.aspx?eventtype=FL&eventid=1103732,FL,
gdacs_FL1103734,2026-01-22,flood,"POLYGON((39.728573 -27.307174, 47.728573 -27.307174, 47.728573 -19.307174, 39.728573 -19.307174, 39.728573 -27.307174))",open-government-license,gdacs_rss,Madagascar,0.42,0.814,0.7457,https://www.gdacs.org/report.aspx?eventtype=FL&eventid=1103734,FL,
gdacs_FL1103740,2026-01-22,flood,"POLYGON((-13.420450 34.696892, -5.420450 34.696892, -5.420450 42.696892, -13.420450 42.696892, -13.420450 34.696892))",open-government-license,gdacs_rss,Portugal,0.42,0.8266,0.6853,https://www.gdacs.org/report.aspx?eventtype=FL&eventid=1103740,FL,
gdacs_TC1001251,2026-01-21,hurricane,"POLYGON((137.433631 -35.977897, 163.433631 -35.977897, 163.433631 -9.977897, 137.433631 -9.977897, 137.433631 -35.977897))",open-government-license,gdacs_rss,Tropical Storm).,0.42,0.9042,0.9396,https://www.gdacs.org/report.aspx?eventtype=TC&eventid=1001251,TC,
gdacs_TC1001250,2026-01-20,hurricane,"POLYGON((30.146019 -37.350377, 56.146019 -37.350377, 56.146019 -11.350377, 30.146019 -11.350377, 30.146019 -37.350377))",open-government-license,gdacs_rss,Tropical Storm).,0.42,0.924,0.7119,https://www.gdacs.org/report.aspx?eventtype=TC&eventid=1001250,TC,
gdacs_FL1103724,2026-01-19,flood,"POLYGON((6.900133 31.628257, 14.900133 31.628257, 14.900133 39.628257, 6.900133 39.628257, 6.900133 31.628257))",open-government-license,gdacs_rss,Tunisia,0.42,0.9108,0.8841,https://www.gdacs.org/report.aspx?eventtype=FL&eventid=1103724,FL,
gdacs_FL1103726,2026-01-19,flood,"POLYGON((9.610141 37.647983, 17.610141 37.647983, 17.610141 45.647983, 9.610141 45.647983, 9.610141 37.647983))",open-government-license,gdacs_rss,Italy,0.42,0.8246,0.751,https://www.gdacs.org/report.aspx?eventtype=FL&eventid=1103726,FL,
gdacs_FL1103728,2026-01-19,flood,"POLYGON((-3.088146 31.836319, 4.911854 31.836319, 4.911854 39.836318, -3.088146 39.836318, -3.088146 31.836319))",open-government-license,gdacs_rss,Algeria,0.42,0.9603,0.7609,https://www.gdacs.org/report.aspx?eventtype=FL&eventid=1103728,FL,
gdacs_FL1103729,2026-01-19,flood,"POLYGON((-91.524368 11.794598, -83.524368 11.794598, -83.524368 19.794598, -91.524368 19.794598, -91.524368 11.794598))",open-government-license,gdacs_rss,Honduras,0.42,0.9342,0.8238,https://www.gdacs.org/report.aspx?eventtype=FL&eventid=1103729,FL,
gdacs_FL1103735,2026-01-19,flood,"POLYGON((25.395920 -27.473529, 33.395920 -27.473529, 33.395920 -19.473529, 25.395920 -19.473529, 25.395920 -27.473529))",open-government-license,gdacs_rss,Mozambique,0.68,0.8094,0.7537,https://www.gdacs.org/report.aspx?eventtype=FL&eventid=1103735,FL,
gdacs_FL1103720,2026-01-17,flood,"POLYGON((170.342475 -39.389444, 178.342475 -39.389444, 178.342475 -31.389444, 170.342475 -31.389444, 170.342475 -39.389444))",open-government-license,gdacs_rss,New Zealand,0.42,0.8694,0.8929,https://www.gdacs.org/report.aspx?eventtype=FL&eventid=1103720,FL,
gdacs_FL1103727,2026-01-16,flood,"POLYGON((-7.851282 35.168877, 0.148718 35.168877, 0.148718 43.168877, -7.851282 43.168877, -7.851282 35.168877))",open-government-license,gdacs_rss,Spain,0.42,0.8682,0.8922,https://www.gdacs.org/report.aspx?eventtype=FL&eventid=1103727,FL,
gdacs_TC1001249,2026-01-14,hurricane,"POLYGON((114.669827 1.732687, 140.669827 1.732687, 140.669827 27.732687, 114.669827 27.732687, 114.669827 1.732687))",open-government-license,gdacs_rss,Tropical Storm).,0.42,0.9096,0.9092,https://www.gdacs.org/report.aspx?eventtype=TC&eventid=1001249,TC,
gdacs_TC1001247,2026-01-10,hurricane,"POLYGON((134.820306 -31.429974, 160.820306 -31.429974, 160.820306 -5.429974, 134.820306 -5.429974, 134.820306 -31.429974))",open-government-license,gdacs_rss,Tropical Storm).,0.42,0.8702,0.6695,https://www.gdacs.org/report.aspx?eventtype=TC&eventid=1001247,TC,
gdacs_TC1001248,2026-01-10,hurricane,"POLYGON((57.254917 -49.549436, 83.254917 -49.549436, 83.254917 -23.549436, 57.254917 -23.549436, 57.254917 -49.549436))",open-government-license,gdacs_rss,Tropical Storm).,0.42,0.8137,0.8269,https://www.gdacs.org/report.aspx?eventtype=TC&eventid=1001248,TC,
gdacs_TC1001245,2025-12-31,hurricane,"POLYGON((94.658043 -26.172934, 120.658043 -26.172934, 120.658043 -0.172934, 94.658043 -0.172934, 94.658043 -26.172934))",open-government-license,gdacs_rss,Tropical Storm).,0.42,0.9649,0.7365,https://www.gdacs.org/report.aspx?eventtype=TC&eventid=1001245,TC,
gdacs_TC1001244,2025-12-28,hurricane,"POLYGON((109.181090 -29.016101, 135.181090 -29.016101, 135.181090 -3.016101, 109.181090 -3.016101, 109.181090 -29.016101))",open-government-license,gdacs_rss,Green notification for tropical cyclone HAYLEY-25. Population affected by Catego,0.42,0.9175,0.8548,https://www.gdacs.org/report.aspx?eventtype=TC&eventid=1001244,TC,
gdacs_DR1018327,2025-12-21,other,"POLYGON((-69.507000 -40.999000, -61.507000 -40.999000, -61.507000 -32.999000, -69.507000 -32.999000, -69.507000 -40.999000))",open-government-license,gdacs_rss,Argentina,0.42,0.9412,0.849,https://www.gdacs.org/report.aspx?eventtype=DR&eventid=1018327,DR,
gdacs_DR1018344,2025-12-21,other,"POLYGON((11.922000 -13.903000, 19.922000 -13.903000, 19.922000 -5.903000, 11.922000 -5.903000, 11.922000 -13.903000))",open-government-license,gdacs_rss,Angola,0.42,0.827,0.7728,https://www.gdacs.org/report.aspx?eventtype=DR&eventid=1018344,DR,
gdacs_TC1001243,2025-12-18,hurricane,"POLYGON((66.807041 -27.165153, 92.807041 -27.165153, 92.807041 -1.165153, 66.807041 -1.165153, 66.807041 -27.165153))",open-government-license,gdacs_rss,Tropical Storm).,0.42,0.8988,0.8256,https://www.gdacs.org/report.aspx?eventtype=TC&eventid=1001243,TC,
gdacs_TC1001242,2025-12-14,hurricane,"POLYGON((157.794597 -27.327034, -176.205403 -27.327034, -176.205403 -1.327034, 157.794597 -1.327034, 157.794597 -27.327034))",open-government-license,gdacs_rss,Tropical Storm).,0.42,0.9267,0.8157,https://www.gdacs.org/report.aspx?eventtype=TC&eventid=1001242,TC,
gdacs_TC1001241,2025-12-11,hurricane,"POLYGON((81.461170 -22.886484, 107.461170 -22.886484, 107.461170 3.113516, 81.461170 3.113516, 81.461170 -22.886484))",open-government-license,gdacs_rss,Tropical Storm).,0.42,0.8194,0.7511,https://www.gdacs.org/report.aspx?eventtype=TC&eventid=1001241,TC,
gdacs_TC1001240,2025-12-05,hurricane,"POLYGON((-160.262835 -30.914818, -134.262835 -30.914818, -134.262835 -4.914818, -160.262835 -4.914818, -160.262835 -30.914818))",open-government-license,gdacs_rss,Tropical Storm).,0.42,0.8861,0.9044,https://www.gdacs.org/report.aspx?eventtype=TC&eventid=1001240,TC,
gdacs_TC1001239,2025-11-28,hurricane,"POLYGON((96.100000 -6.600000, 122.100000 -6.600000, 122.100000 19.400000, 96.100000 19.400000, 96.100000 -6.600000))",open-government-license,gdacs_rss,Tropical Storm).,0.42,0.9517,0.7067,https://www.gdacs.org/report.aspx?eventtype=TC&eventid=1001239,TC,
gdacs_TC1001238,2025-11-27,hurricane,"POLYGON((68.197412 -5.202294, 94.197412 -5.202294, 94.197412 20.797706, 68.197412 20.797706, 68.197412 -5.202294))",open-government-license,gdacs_rss,Tropical Storm).,0.42,0.968,0.6662,https://www.gdacs.org/report.aspx?eventtype=TC&eventid=1001238,TC,
gdacs_TC1001237,2025-11-25,hurricane,"POLYGON((85.698851 -8.792283, 111.698851 -8.792283, 111.698851 17.207717, 85.698851 17.207717, 85.698851 -8.792283))",open-government-license,gdacs_rss,Tropical Storm).,0.42,0.9608,0.748,https://www.gdacs.org/report.aspx?eventtype=TC&eventid=1001237,TC,
gdacs_TC1001236,2025-11-24,hurricane,"POLYGON((102.433045 -0.546485, 128.433045 -0.546485, 128.433045 25.453515, 102.433045 25.453515, 102.433045 -0.546485))",open-government-license,gdacs_rss,Tropical Storm).,0.42,0.8298,0.9133,https://www.gdacs.org/report.aspx?eventtype=TC&eventid=1001236,TC,
gdacs_DR1018299,2025-11-21,other,"POLYGON((-77.972000 -17.736000, -69.972000 -17.736000, -69.972000 -9.736000, -77.972000 -9.736000, -77.972000 -17.736000))",open-government-license,gdacs_rss,Peru,0.42,0.9273,0.889,https://www.gdacs.org/report.aspx?eventtype=DR&eventid=1018299,DR,
gdacs_TC1001235,2025-11-18,hurricane,"POLYGON((117.833852 -24.863276, 143.833852 -24.863276, 143.833852 1.136724, 117.833852 1.136724, 117.833852 -24.863276))",open-government-license,gdacs_rss,Green notification for tropical cyclone FINA-25. Population affected by Category,0.42,0.8749,0.9496,https://www.gdacs.org/report.aspx?eventtype=TC&eventid=1001235,TC,
gdacs_TC1001234,2025-11-04,hurricane,"POLYGON((113.522454 3.772554, 139.522454 3.772554, 139.522454 29.772554, 113.522454 29.772554, 113.522454 3.772554))",open-government-license,gdacs_rss,Red notification for tropical cyclone FUNG-WONG-25. Population affected by Categ,0.42,0.844,0.8937,https://www.gdacs.org/report.aspx?eventtype=TC&eventid=1001234,TC,
gdacs_DR1018196,2025-09-21,other,"POLYGON((-71.493000 5.815000, -63.493000 5.815000, -63.493000 13.815000, -71.493000 13.815000, -71.493000 5.815000))",open-government-license,gdacs_rss,Colombia,0.42,0.8044,0.8278,https://www.gdacs.org/report.aspx?eventtype=DR&eventid=1018196,DR,
gdacs_DR1018093,2025-08-21,other,"POLYGON((-89.142000 37.733000, -81.142000 37.733000, -81.142000 45.733000, -89.142000 45.733000, -89.142000 37.733000))",open-government-license,gdacs_rss,Canada,0.42,0.8247,0.6738,https://www.gdacs.org/report.aspx?eventtype=DR&eventid=1018093,DR,
gdacs_DR1018139,2025-07-21,other,"POLYGON((17.769000 -37.652000, 25.769000 -37.652000, 25.769000 -29.652000, 17.769000 -29.652000, 17.769000 -37.652000))",open-government-license,gdacs_rss,South Africa,0.42,0.9183,0.6834,https://www.gdacs.org/report.aspx?eventtype=DR&eventid=1018139,DR,
gdacs_DR1017944,2025-06-21,other,"POLYGON((23.350000 -12.494000, 31.350000 -12.494000, 31.350000 -4.494000, 23.350000 -4.494000, 23.350000 -12.494000))",open-government-license,gdacs_rss,Democratic Republic of Congo,0.42,0.8422,0.7683,https://www.gdacs.org/report.aspx?eventtype=DR&eventid=1017944,DR,
gdacs_DR1017863,2025-04-21,other,"POLYGON((38.479000 -1.416000, 46.479000 -1.416000, 46.479000 6.584000, 38.479000 6.584000, 38.479000 -1.416000))",open-government-license,gdacs_rss,Ethiopia,0.68,0.97,0.8307,https://www.gdacs.org/report.aspx?eventtype=DR&eventid=1017863,DR,
gdacs_DR1017535,2024-10-21,other,"POLYGON((54.438000 36.068000, 62.438000 36.068000, 62.438000 44.068000, 54.438000 44.068000, 54.438000 36.068000))",open-government-license,gdacs_rss,Afghanistan,0.68,0.8627,0.9135,https://www.gdacs.org/report.aspx?eventtype=DR&eventid=1017535,DR,
ucdp_470192,2023-04-05,conflict,"POLYGON((43.995364 42.918134, 45.552804 42.918134, 45.552804 44.048176, 43.995364 44.048176, 43.995364 42.918134))",cc-by-4.0,ucdp_ged_api,Russia (Soviet Union),0.5007,0.7829,0.7079,https://ucdpapi.pcr.uu.se/api/gedevents/25.1,type_of_violence=1,3.0
ucdp_470292,2023-04-03,conflict,"POLYGON((83.964560 23.531619, 85.340940 23.531619, 85.340940 24.787441, 83.964560 24.787441, 83.964560 23.531619))",cc-by-4.0,ucdp_ged_api,India,0.5594,0.8316,0.6739,https://ucdpapi.pcr.uu.se/api/gedevents/25.1,type_of_violence=1,5.0
ucdp_470042,2023-03-28,conflict,"POLYGON((43.934285 42.707700, 45.362715 42.707700, 45.362715 43.748500, 43.934285 43.748500, 43.934285 42.707700))",cc-by-4.0,ucdp_ged_api,Russia (Soviet Union),0.459,0.8255,0.8813,https://ucdpapi.pcr.uu.se/api/gedevents/25.1,type_of_violence=1,2.0
ucdp_469623,2023-03-25,conflict,"POLYGON((13.094419 11.098552, 14.995625 11.098552, 14.995625 12.958016, 13.094419 12.958016, 13.094419 11.098552))",cc-by-4.0,ucdp_ged_api,Nigeria,0.8411,0.8563,0.6979,https://ucdpapi.pcr.uu.se/api/gedevents/25.1,type_of_violence=1,41.0
ucdp_470100,2023-03-23,conflict,"POLYGON((137.652419 -4.907482, 138.785715 -4.907482, 138.785715 -3.777440, 137.652419 -3.777440, 137.652419 -4.907482))",cc-by-4.0,ucdp_ged_api,Indonesia,0.5007,0.8168,0.7925,https://ucdpapi.pcr.uu.se/api/gedevents/25.1,type_of_violence=1,3.0
ucdp_469465,2023-03-21,conflict,"POLYGON((44.589702 14.175902, 46.276410 14.175902, 46.276410 15.805210, 44.589702 15.805210, 44.589702 14.175902))",cc-by-4.0,ucdp_ged_api,Yemen (North Yemen),0.7337,0.9078,0.7383,https://ucdpapi.pcr.uu.se/api/gedevents/25.1,type_of_violence=1,19.0
ucdp_469459,2023-03-19,conflict,"POLYGON((0.564876 14.942604, 2.490238 14.942604, 2.490238 16.794592, 0.564876 16.794592, 0.564876 14.942604))",cc-by-4.0,ucdp_ged_api,Mali,0.8376,0.8868,0.8727,https://ucdpapi.pcr.uu.se/api/gedevents/25.1,type_of_violence=1,40.0
ucdp_468725,2023-03-18,conflict,"POLYGON((-74.853458 -12.854171, -73.519682 -12.854171, -73.519682 -11.550529, -74.853458 -11.550529, -74.853458 -12.854171))",cc-by-4.0,ucdp_ged_api,Peru,0.5817,0.8173,0.7533,https://ucdpapi.pcr.uu.se/api/gedevents/25.1,type_of_violence=1,6.0
ucdp_468005,2023-03-14,conflict,"POLYGON((68.554774 34.843654, 70.329746 34.843654, 70.329746 36.287506, 68.554774 36.287506, 68.554774 34.843654))",cc-by-4.0,ucdp_ged_api,Afghanistan,0.6471,0.8742,0.7059,https://ucdpapi.pcr.uu.se/api/gedevents/25.1,type_of_violence=1,10.0
ucdp_469549,2023-03-13,conflict,"POLYGON((12.644644 15.177779, 14.355356 15.177779, 14.355356 16.822221, 12.644644 16.822221, 12.644644 15.177779))",cc-by-4.0,ucdp_ged_api,Niger,0.7407,0.9472,0.8645,https://ucdpapi.pcr.uu.se/api/gedevents/25.1,type_of_violence=1,20.0
ucdp_468591,2023-03-11,conflict,"POLYGON((95.904797 19.022867, 97.771343 19.022867, 97.771343 20.777953, 95.904797 20.777953, 95.904797 19.022867))",cc-by-4.0,ucdp_ged_api,Myanmar (Burma),0.7924,0.8037,0.8568,https://ucdpapi.pcr.uu.se/api/gedevents/25.1,type_of_violence=1,29.0
ucdp_470139,2023-03-11,conflict,"POLYGON((11.591653 12.784041, 13.408347 12.784041, 13.408347 14.549299, 11.591653 14.549299, 11.591653 12.784041))",cc-by-4.0,ucdp_ged_api,Niger,0.7971,0.7623,0.7389,https://ucdpapi.pcr.uu.se/api/gedevents/25.1,type_of_violence=1,30.0
ucdp_470322,2023-03-11,conflict,"POLYGON((-101.458351 19.823374, -99.916425 19.823374, -99.916425 21.267226, -101.458351 21.267226, -101.458351 19.823374))",cc-by-4.0,ucdp_ged_api,Mexico,0.6471,0.7899,0.6323,https://ucdpapi.pcr.uu.se/api/gedevents/25.1,type_of_violence=2,10.0
ucdp_467763,2023-03-10,conflict,"POLYGON((-13.953052 18.967038, -12.680288 18.967038, -12.680288 20.166302, -13.953052 20.166302, -13.953052 18.967038))",cc-by-4.0,ucdp_ged_api,Mauritania,0.533,0.9074,0.6789,https://ucdpapi.pcr.uu.se/api/gedevents/25.1,type_of_violence=1,4.0
ucdp_468933,2023-03-09,conflict,"POLYGON((35.988351 46.977925, 39.341625 46.977925, 39.341625 49.217451, 35.988351 49.217451, 35.988351 46.977925))",cc-by-4.0,ucdp_ged_api,Ukraine,0.95,0.8699,0.7465,https://ucdpapi.pcr.uu.se/api/gedevents/25.1,type_of_violence=1,142.0
ucdp_470007,2023-03-08,conflict,"POLYGON((138.951611 -5.379567, 139.996167 -5.379567, 139.996167 -4.338767, 138.951611 -4.338767, 138.951611 -5.379567))",cc-by-4.0,ucdp_ged_api,Indonesia,0.459,0.8269,0.7369,https://ucdpapi.pcr.uu.se/api/gedevents/25.1,type_of_violence=3,2.0
ucdp_467727,2023-03-05,conflict,"POLYGON((45.892251 39.131519, 47.525869 39.131519, 47.525869 40.387341, 45.892251 40.387341, 45.892251 39.131519))",cc-by-4.0,ucdp_ged_api,Azerbaijan,0.5594,0.8549,0.7919,https://ucdpapi.pcr.uu.se/api/gedevents/25.1,type_of_violence=1,5.0
ucdp_467760,2023-03-05,conflict,"POLYGON((-16.529295 17.562717, -15.434415 17.562717, -15.434415 18.603517, -16.529295 18.603517, -16.529295 17.562717))",cc-by-4.0,ucdp_ged_api,Mauritania,0.459,0.8836,0.7342,https://ucdpapi.pcr.uu.se/api/gedevents/25.1,type_of_violence=1,2.0
ucdp_466916,2023-03-03,conflict,"POLYGON((30.342430 -26.814471, 31.503348 -26.814471, 31.503348 -25.773671, 30.342430 -25.773671, 30.342430 -26.814471))",cc-by-4.0,ucdp_ged_api,Kingdom of eSwatini (Swaziland),0.459,0.9332,0.6788,https://ucdpapi.pcr.uu.se/api/gedevents/25.1,type_of_violence=3,2.0
ucdp_469499,2023-03-03,conflict,"POLYGON((100.989118 5.673203, 102.036030 5.673203, 102.036030 6.714003, 100.989118 6.714003, 100.989118 5.673203))",cc-by-4.0,ucdp_ged_api,Thailand,0.459,0.788,0.9132,https://ucdpapi.pcr.uu.se/api/gedevents/25.1,type_of_violence=1,2.0
ucdp_468429,2023-03-02,conflict,"POLYGON((94.835709 21.165828, 96.495973 21.165828, 96.495973 22.705894, 94.835709 22.705894, 94.835709 21.165828))",cc-by-4.0,ucdp_ged_api,Myanmar (Burma),0.692,0.8286,0.7814,https://ucdpapi.pcr.uu.se/api/gedevents/25.1,type_of_violence=3,14.0
ucdp_467753,2023-02-28,conflict,"POLYGON((1.300967 15.220288, 3.138313 15.220288, 3.138313 16.985546, 1.300967 16.985546, 1.300967 15.220288))",cc-by-4.0,ucdp_ged_api,Mali,0.7971,0.9201,0.6843,https://ucdpapi.pcr.uu.se/api/gedevents/25.1,type_of_violence=2,30.0
ucdp_467885,2023-02-28,conflict,"POLYGON((32.069936 15.187889, 33.020164 15.187889, 33.020164 16.102911, 32.069936 16.102911, 32.069936 15.187889))",cc-by-4.0,ucdp_ged_api,Sudan,0.4003,0.8415,0.915,https://ucdpapi.pcr.uu.se/api/gedevents/25.1,type_of_violence=3,1.0
ucdp_466794,2023-02-27,conflict,"POLYGON((33.455238 28.098045, 34.496984 28.098045, 34.496984 29.013067, 33.455238 29.013067, 33.455238 28.098045))",cc-by-4.0,ucdp_ged_api,Egypt,0.4003,0.9069,0.8808,https://ucdpapi.pcr.uu.se/api/gedevents/25.1,type_of_violence=1,1.0
ucdp_467895,2023-02-27,conflict,"POLYGON((18.825612 11.584567, 20.402188 11.584567, 20.402188 13.124633, 18.825612 13.124633, 18.825612 11.584567))",cc-by-4.0,ucdp_ged_api,Chad,0.692,0.9297,0.8141,https://ucdpapi.pcr.uu.se/api/gedevents/25.1,type_of_violence=2,14.0
ucdp_467729,2023-02-26,conflict,"POLYGON((0.607234 10.945715, 2.626100 10.945715, 2.626100 12.920951, 0.607234 12.920951, 0.607234 10.945715))",cc-by-4.0,ucdp_ged_api,Burkina Faso,0.8951,0.888,0.9062,https://ucdpapi.pcr.uu.se/api/gedevents/25.1,type_of_violence=3,60.0
ucdp_467784,2023-02-26,conflict,"POLYGON((38.990262 32.892521, 40.909182 32.892521, 40.909182 34.489145, 38.990262 34.489145, 38.990262 32.892521))",cc-by-4.0,ucdp_ged_api,Iraq,0.7184,0.9228,0.6894,https://ucdpapi.pcr.uu.se/api/gedevents/25.1,type_of_violence=1,17.0
ucdp_467174,2023-02-24,conflict,"POLYGON((29.160896 -4.792013, 30.078542 -4.792013, 30.078542 -3.876991, 29.160896 -3.876991, 29.160896 -4.792013))",cc-by-4.0,ucdp_ged_api,Burundi,0.4003,0.7937,0.6736,https://ucdpapi.pcr.uu.se/api/gedevents/25.1,type_of_violence=3,1.0
ucdp_466427,2023-02-22,conflict,"POLYGON((34.394335 31.484497, 36.132905 31.484497, 36.132905 32.955341, 34.394335 32.955341, 34.394335 31.484497))",cc-by-4.0,ucdp_ged_api,Israel,0.6597,0.7854,0.6384,https://ucdpapi.pcr.uu.se/api/gedevents/25.1,type_of_violence=1,11.0
ucdp_467985,2023-02-21,conflict,"POLYGON((28.716876 6.589528, 30.552724 6.589528, 30.552724 8.409672, 28.716876 8.409672, 28.716876 6.589528))",cc-by-4.0,ucdp_ged_api,South Sudan,0.8227,0.9008,0.9072,https://ucdpapi.pcr.uu.se/api/gedevents/25.1,type_of_violence=2,36.0
ucdp_466325,2023-02-17,conflict,"POLYGON((29.122585 0.791694, 31.043175 0.791694, 31.043175 2.711386, 29.122585 2.711386, 29.122585 0.791694))",cc-by-4.0,ucdp_ged_api,DR Congo (Zaire),0.8692,0.7695,0.7757,https://ucdpapi.pcr.uu.se/api/gedevents/25.1,type_of_violence=3,50.0
ucdp_467718,2023-02-17,conflict,"POLYGON((-1.577569 13.711732, 0.431149 13.711732, 0.431149 15.654848, -1.577569 15.654848, -1.577569 13.711732))",cc-by-4.0,ucdp_ged_api,Burkina Faso,0.8801,0.7739,0.8554,https://ucdpapi.pcr.uu.se/api/gedevents/25.1,type_of_violence=1,54.0
ucdp_467795,2023-02-17,conflict,"POLYGON((37.647646 33.877868, 40.102174 33.877868, 40.102174 35.891332, 37.647646 35.891332, 37.647646 33.877868))",cc-by-4.0,ucdp_ged_api,Syria,0.9129,0.7612,0.7652,https://ucdpapi.pcr.uu.se/api/gedevents/25.1,type_of_violence=1,68.0
ucdp_467899,2023-02-17,conflict,"POLYGON((-1.739381 13.754234, 0.616041 13.754234, 0.616041 16.030538, -1.739381 16.030538, -1.739381 13.754234))",cc-by-4.0,ucdp_ged_api,Burkina Faso,0.95,0.8485,0.8623,https://ucdpapi.pcr.uu.se/api/gedevents/25.1,type_of_violence=1,160.0
ucdp_465537,2023-02-16,conflict,"POLYGON((44.624557 1.123950, 46.971583 1.123950, 46.971583 3.469090, 44.624557 3.469090, 44.624557 1.123950))",cc-by-4.0,ucdp_ged_api,Somalia,0.95,0.8882,0.6668,https://ucdpapi.pcr.uu.se/api/gedevents/25.1,type_of_violence=1,200.0
ucdp_467672,2023-02-14,conflict,"POLYGON((37.325383 33.772954, 39.242657 33.772954, 39.242657 35.351846, 37.325383 35.351846, 37.325383 33.772954))",cc-by-4.0,ucdp_ged_api,Syria,0.7101,0.7948,0.8164,https://ucdpapi.pcr.uu.se/api/gedevents/25.1,type_of_violence=1,16.0
ucdp_467737,2023-02-14,conflict,"POLYGON((20.771569 8.957900, 22.454943 8.957900, 22.454943 10.616774, 20.771569 10.616774, 20.771569 8.957900))",cc-by-4.0,ucdp_ged_api,Central African Republic,0.7475,0.8368,0.7336,https://ucdpapi.pcr.uu.se/api/gedevents/25.1,type_of_violence=1,21.0
ucdp_467159,2023-02-13,conflict,"POLYGON((29.160036 -3.518011, 30.076364 -3.518011, 30.076364 -2.602989, 29.160036 -2.602989, 29.160036 -3.518011))",cc-by-4.0,ucdp_ged_api,Burundi,0.4003,0.8262,0.9054,https://ucdpapi.pcr.uu.se/api/gedevents/25.1,type_of_violence=3,1.0
ucdp_463541,2023-02-11,conflict,"POLYGON((-39.240789 -5.573522, -38.036991 -5.573522, -38.036991 -4.374258, -39.240789 -4.374258, -39.240789 -5.573522))",cc-by-4.0,ucdp_ged_api,Brazil,0.533,0.7629,0.7546,https://ucdpapi.pcr.uu.se/api/gedevents/25.1,type_of_violence=2,4.0
ucdp_463368,2023-02-10,conflict,"POLYGON((8.730547 3.447089, 9.989553 3.447089, 9.989553 4.702911, 8.730547 4.702911, 8.730547 3.447089))",cc-by-4.0,ucdp_ged_api,Cameroon,0.5594,0.8473,0.7684,https://ucdpapi.pcr.uu.se/api/gedevents/25.1,type_of_violence=3,5.0
ucdp_463855,2023-02-09,conflict,"POLYGON((31.564490 -0.052672, 32.479534 -0.052672, 32.479534 0.862350, 31.564490 0.862350, 31.564490 -0.052672))",cc-by-4.0,ucdp_ged_api,Uganda,0.4003,0.9275,0.6534,https://ucdpapi.pcr.uu.se/api/gedevents/25.1,type_of_violence=1,1.0
ucdp_468268,2023-02-09,conflict,"POLYGON((0.079631 10.121244, 1.687589 10.121244, 1.687589 11.700136, 0.079631 11.700136, 0.079631 10.121244))",cc-by-4.0,ucdp_ged_api,Togo,0.7101,0.94,0.7981,https://ucdpapi.pcr.uu.se/api/gedevents/25.1,type_of_violence=3,16.0
ucdp_465817,2023-02-07,conflict,"POLYGON((9.762368 5.315898, 11.114812 5.315898, 11.114812 6.660962, 9.762368 6.660962, 9.762368 5.315898))",cc-by-4.0,ucdp_ged_api,Cameroon,0.601,0.7651,0.8942,https://ucdpapi.pcr.uu.se/api/gedevents/25.1,type_of_violence=1,7.0
ucdp_466724,2023-02-07,conflict,"POLYGON((69.963504 31.851371, 71.738870 31.851371, 71.738870 33.347045, 69.963504 33.347045, 69.963504 31.851371))",cc-by-4.0,ucdp_ged_api,Pakistan,0.6713,0.9477,0.7998,https://ucdpapi.pcr.uu.se/api/gedevents/25.1,type_of_violence=1,12.0
ucdp_463408,2023-02-06,conflict,"POLYGON((12.651199 12.029708, 14.566781 12.029708, 14.566781 13.896472, 12.651199 13.896472, 12.651199 12.029708))",cc-by-4.0,ucdp_ged_api,Nigeria,0.8445,0.8421,0.8214,https://ucdpapi.pcr.uu.se/api/gedevents/25.1,type_of_violence=1,42.0
ucdp_467983,2023-02-06,conflict,"POLYGON((27.574686 8.745736, 29.297314 8.745736, 29.297314 10.444264, 27.574686 10.444264, 27.574686 8.745736))",cc-by-4.0,ucdp_ged_api,Sudan,0.766,0.7601,0.7144,https://ucdpapi.pcr.uu.se/api/gedevents/25.1,type_of_violence=2,24.0
ucdp_463553,2023-02-05,conflict,"POLYGON((120.310475 5.291357, 121.662859 5.291357, 121.662859 6.636421, 120.310475 6.636421, 120.310475 5.291357))",cc-by-4.0,ucdp_ged_api,Philippines,0.601,0.8003,0.639,https://ucdpapi.pcr.uu.se/api/gedevents/25.1,type_of_violence=1,7.0
ucdp_467712,2023-02-04,conflict,"POLYGON((42.678390 35.033787, 44.550662 35.033787, 44.550662 36.552449, 42.678390 36.552449, 42.678390 35.033787))",cc-by-4.0,ucdp_ged_api,Iraq,0.682,0.8301,0.7554,https://ucdpapi.pcr.uu.se/api/gedevents/25.1,type_of_violence=1,13.0
ucdp_463255,2023-02-02,conflict,"POLYGON((-39.126163 -13.570742, -37.895497 -13.570742, -37.895497 -12.371478, -39.126163 -12.371478, -39.126163 -13.570742))",cc-by-4.0,ucdp_ged_api,Brazil,0.533,0.8334,0.6387,https://ucdpapi.pcr.uu.se/api/gedevents/25.1,type_of_violence=2,4.0
ucdp_468083,2023-02-02,conflict,"POLYGON((35.994634 8.123484, 37.938706 8.123484, 37.938706 10.043176, 35.994634 10.043176, 35.994634 8.123484))",cc-by-4.0,ucdp_ged_api,Ethiopia,0.8692,0.826,0.6303,https://ucdpapi.pcr.uu.se/api/gedevents/25.1,type_of_violence=3,50.0
ucdp_467768,2023-02-01,conflict,"POLYGON((121.331034 12.348179, 122.668966 12.348179, 122.668966 13.651821, 121.331034 13.651821, 121.331034 12.348179))",cc-by-4.0,ucdp_ged_api,Philippines,0.5817,0.8257,0.7177,https://ucdpapi.pcr.uu.se/api/gedevents/25.1,type_of_violence=1,6.0
ucdp_463977,2023-01-31,conflict,"POLYGON((39.162436 -13.138604, 40.860342 -13.138604, 40.860342 -11.479730, 39.162436 -11.479730, 39.162436 -13.138604))",cc-by-4.0,ucdp_ged_api,Mozambique,0.7475,0.9335,0.6526,https://ucdpapi.pcr.uu.se/api/gedevents/25.1,type_of_violence=2,21.0
ucdp_462486,2023-01-30,conflict,"POLYGON((70.293789 32.947797, 72.872877 32.947797, 72.872877 35.085537, 70.293789 35.085537, 70.293789 32.947797))",cc-by-4.0,ucdp_ged_api,Pakistan,0.95,0.9233,0.8477,https://ucdpapi.pcr.uu.se/api/gedevents/25.1,type_of_violence=1,102.0
ucdp_463463,2023-01-28,conflict,"POLYGON((43.581871 0.694956, 45.809209 0.694956, 45.809209 2.921184, 43.581871 2.921184, 43.581871 0.694956))",cc-by-4.0,ucdp_ged_api,Somalia,0.95,0.8132,0.8677,https://ucdpapi.pcr.uu.se/api/gedevents/25.1,type_of_violence=1,136.0
ucdp_462976,2023-01-27,conflict,"POLYGON((-77.754749 3.158173, -76.307579 3.158173, -76.307579 4.602025, -77.754749 4.602025, -77.754749 3.158173))",cc-by-4.0,ucdp_ged_api,Colombia,0.6471,0.8032,0.9118,https://ucdpapi.pcr.uu.se/api/gedevents/25.1,type_of_violence=1,10.0
ucdp_468201,2023-01-27,conflict,"POLYGON((27.892489 8.484182, 29.527331 8.484182, 29.527331 10.097578, 27.892489 10.097578, 27.892489 8.484182))",cc-by-4.0,ucdp_ged_api,South Sudan,0.7263,0.9172,0.8784,https://ucdpapi.pcr.uu.se/api/gedevents/25.1,type_of_violence=2,18.0
ucdp_462538,2023-01-26,conflict,"POLYGON((34.461911 31.753968, 36.138089 31.753968, 36.138089 33.168254, 34.461911 33.168254, 34.461911 31.753968))",cc-by-4.0,ucdp_ged_api,Israel,0.6333,0.8621,0.7224,https://ucdpapi.pcr.uu.se/api/gedevents/25.1,type_of_violence=1,9.0
ucdp_462737,2023-01-26,conflict,"POLYGON((-37.002191 -9.503471, -35.731149 -9.503471, -35.731149 -8.247649, -37.002191 -8.247649, -37.002191 -9.503471))",cc-by-4.0,ucdp_ged_api,Brazil,0.5594,0.9426,0.6757,https://ucdpapi.pcr.uu.se/api/gedevents/25.1,type_of_violence=2,5.0
ucdp_463953,2023-01-26,conflict,"POLYGON((39.655611 -12.358691, 41.205935 -12.358691, 41.205935 -10.840029, 39.655611 -10.840029, 39.655611 -12.358691))",cc-by-4.0,ucdp_ged_api,Mozambique,0.682,0.8856,0.9016,https://ucdpapi.pcr.uu.se/api/gedevents/25.1,type_of_violence=1,13.0
ucdp_464041,2023-01-25,conflict,"POLYGON((-100.430877 18.302027, -98.780083 18.302027, -98.780083 19.862113, -100.430877 19.862113, -100.430877 18.302027))",cc-by-4.0,ucdp_ged_api,Mexico,0.7014,0.7984,0.7622,https://ucdpapi.pcr.uu.se/api/gedevents/25.1,type_of_violence=2,15.0
ucdp_467187,2023-01-24,conflict,"POLYGON((35.413241 46.545624, 39.088039 46.545624, 39.088039 49.014996, 35.413241 49.014996, 35.413241 46.545624))",cc-by-4.0,ucdp_ged_api,Ukraine,0.95,0.8618,0.8166,https://ucdpapi.pcr.uu.se/api/gedevents/25.1,type_of_violence=1,299.0
ucdp_467736,2023-01-24,conflict,"POLYGON((20.930791 9.114805, 22.295721 9.114805, 22.295721 10.459869, 20.930791 10.459869, 20.930791 9.114805))",cc-by-4.0,ucdp_ged_api,Central African Republic,0.601,0.9181,0.7533,https://ucdpapi.pcr.uu.se/api/gedevents/25.1,type_of_violence=1,7.0
ucdp_466113,2023-01-23,conflict,"POLYGON((41.783515 36.821533, 43.365373 36.821533, 43.365373 38.077355, 41.783515 38.077355, 41.783515 36.821533))",cc-by-4.0,ucdp_ged_api,Turkey,0.5594,0.8689,0.6961,https://ucdpapi.pcr.uu.se/api/gedevents/25.1,type_of_violence=1,5.0
ucdp_462996,2023-01-21,conflict,"POLYGON((39.051028 9.198547, 40.882312 9.198547, 40.882312 11.001453, 39.051028 11.001453, 39.051028 9.198547))",cc-by-4.0,ucdp_ged_api,Ethiopia,0.8147,0.9325,0.6472,https://ucdpapi.pcr.uu.se/api/gedevents/25.1,type_of_violence=1,34.0
ucdp_462813,2023-01-20,conflict,"POLYGON((100.944235 5.628582, 102.080913 5.628582, 102.080913 6.758624, 100.944235 6.758624, 100.944235 5.628582))",cc-by-4.0,ucdp_ged_api,Thailand,0.5007,0.8062,0.823,https://ucdpapi.pcr.uu.se/api/gedevents/25.1,type_of_violence=1,3.0
ucdp_463133,2023-01-19,conflict,"POLYGON((-67.408435 9.967611, -66.349951 9.967611, -66.349951 11.008411, -67.408435 11.008411, -67.408435 9.967611))",cc-by-4.0,ucdp_ged_api,Venezuela,0.459,0.843,0.9103,https://ucdpapi.pcr.uu.se/api/gedevents/25.1,type_of_violence=3,2.0
ucdp_463388,2023-01-18,conflict,"POLYGON((40.070904 -1.888736, 41.515056 -1.888736, 41.515056 -0.444884, 40.070904 -0.444884, 40.070904 -1.888736))",cc-by-4.0,ucdp_ged_api,Kenya,0.6471,0.9274,0.7493,https://ucdpapi.pcr.uu.se/api/gedevents/25.1,type_of_violence=1,10.0
ucdp_463431,2023-01-17,conflict,"POLYGON((40.064076 -2.511731, 41.368404 -2.511731, 41.368404 -1.208089, 40.064076 -1.208089, 40.064076 -2.511731))",cc-by-4.0,ucdp_ged_api,Kenya,0.5817,0.7805,0.8847,https://ucdpapi.pcr.uu.se/api/gedevents/25.1,type_of_violence=1,6.0
ucdp_462871,2023-01-16,conflict,"POLYGON((28.560973 -3.329900, 29.603027 -3.329900, 29.603027 -2.289100, 28.560973 -2.289100, 28.560973 -3.329900))",cc-by-4.0,ucdp_ged_api,Burundi,0.459,0.7936,0.8365,https://ucdpapi.pcr.uu.se/api/gedevents/25.1,type_of_violence=3,2.0
ucdp_469962,2023-01-16,conflict,"POLYGON((29.974185 -27.467004, 31.001225 -27.467004, 31.001225 -26.551982, 29.974185 -26.551982, 29.974185 -27.467004))",cc-by-4.0,ucdp_ged_api,South Africa,0.4003,0.7887,0.8559,https://ucdpapi.pcr.uu.se/api/gedevents/25.1,type_of_violence=3,1.0
ucdp_462668,2023-01-13,conflict,"POLYGON((29.585732 0.591896, 31.453156 0.591896, 31.453156 2.458660, 29.585732 2.458660, 29.585732 0.591896))",cc-by-4.0,ucdp_ged_api,DR Congo (Zaire),0.8445,0.8478,0.692,https://ucdpapi.pcr.uu.se/api/gedevents/25.1,type_of_violence=3,42.0
ucdp_460627,2023-01-11,conflict,"POLYGON((68.147607 33.694763, 70.177985 33.694763, 70.177985 35.367425, 68.147607 35.367425, 68.147607 33.694763))",cc-by-4.0,ucdp_ged_api,Afghanistan,0.7539,0.7661,0.91,https://ucdpapi.pcr.uu.se/api/gedevents/25.1,type_of_violence=1,22.0
ucdp_462937,2023-01-11,conflict,"POLYGON((-71.839862 5.545055, -70.360138 5.545055, -70.360138 7.015899, -71.839862 7.015899, -71.839862 5.545055))",cc-by-4.0,ucdp_ged_api,Colombia,0.6597,0.9084,0.6455,https://ucdpapi.pcr.uu.se/api/gedevents/25.1,type_of_violence=2,11.0
ucdp_462735,2023-01-09,conflict,"POLYGON((41.417590 36.865368, 42.928522 36.865368, 42.928522 38.064632, 41.417590 38.064632, 41.417590 36.865368))",cc-by-4.0,ucdp_ged_api,Turkey,0.533,0.8069,0.8323,https://ucdpapi.pcr.uu.se/api/gedevents/25.1,type_of_violence=1,4.0
ucdp_462627,2023-01-08,conflict,"POLYGON((91.672230 20.736124, 92.653630 20.736124, 92.653630 21.651146, 91.672230 21.651146, 91.672230 20.736124))",cc-by-4.0,ucdp_ged_api,Bangladesh,0.4003,0.8464,0.6798,https://ucdpapi.pcr.uu.se/api/gedevents/25.1,type_of_violence=3,1.0
ucdp_463471,2023-01-07,conflict,"POLYGON((44.500216 14.369922, 46.073406 14.369922, 46.073406 15.888584, 44.500216 15.888584, 44.500216 14.369922))",cc-by-4.0,ucdp_ged_api,Yemen (North Yemen),0.682,0.8645,0.9292,https://ucdpapi.pcr.uu.se/api/gedevents/25.1,type_of_violence=1,13.0
ucdp_459026,2023-01-01,conflict,"POLYGON((68.269980 33.784401, 70.164464 33.784401, 70.164464 35.344487, 68.269980 35.344487, 68.269980 33.784401))",cc-by-4.0,ucdp_ged_api,Afghanistan,0.7014,0.8421,0.7542,https://ucdpapi.pcr.uu.se/api/gedevents/25.1,type_of_violence=1,15.0
ucdp_459607,2023-01-01,conflict,"POLYGON((73.588619 32.670146, 75.091111 32.670146, 75.091111 33.925968, 73.588619 33.925968, 73.588619 32.670146))",cc-by-4.0,ucdp_ged_api,India,0.5594,0.8226,0.7462,https://ucdpapi.pcr.uu.se/api/gedevents/25.1,type_of_violence=3,5.0
ucdp_460722,2023-01-01,conflict,"POLYGON((0.274694 10.377979, 1.425666 10.377979, 1.425666 11.508021, 0.274694 11.508021, 0.274694 10.377979))",cc-by-4.0,ucdp_ged_api,Togo,0.5007,0.8425,0.7332,https://ucdpapi.pcr.uu.se/api/gedevents/25.1,type_of_violence=1,3.0
ucdp_468286,2023-01-01,conflict,"POLYGON((2.651887 11.548710, 3.716213 11.548710, 3.716213 12.589510, 2.651887 12.589510, 2.651887 11.548710))",cc-by-4.0,ucdp_ged_api,Benin,0.459,0.9301,0.7654,https://ucdpapi.pcr.uu.se/api/gedevents/25.1,type_of_violence=1,2.0
gdacs_DR1016449,2022-09-21,other,"POLYGON((-56.811000 -11.794000, -48.811000 -11.794000, -48.811000 -3.794000, -56.811000 -3.794000, -56.811000 -11.794000))",open-government-license,gdacs_rss,Brazil,0.68,0.8841,0.7952,https://www.gdacs.org/report.aspx?eventtype=DR&eventid=1016449,DR,
